class,loudness,pitch,jitter,shimmer,energy,alpha-ratio,hammarberg-index,spectral-flux,spectral-slope
CLASSE,394.22107,0.11193001,-8.957934,0.02921125,1.8311287,-9.401745,19.389753,0.6847301,0.053004015
CLASSE,348.05487,0.07276222,-4.3120627,0.013519237,0.9527361,-16.315899,23.39492,0.26780555,0.039763752
CLASSE,415.38727,0.079988606,-26.624838,0,0,0,0,0,0
CLASSE,0,0,-41.588707,0.010690738,0.9669996,-15.855064,36.57723,0.04031471,0.048173275
CLASSE,123.47657,0.030794581,-10.68496,0.028952572,1.479595,-16.516869,28.23849,0.43658885,0.021638528
CLASSE,343.79712,0.1239146,-3.8936656,0.029318716,1.4011847,-10.919202,23.679686,0.60983825,0.053022914
CLASSE,449.7079,0.114560306,-9.162707,0.011427444,0.8725335,-16.294682,29.41735,0.24076745,0.0574093
