class,loudness,loudness-d,pitch,pitch-d,energy,jitter,shimmer,alpha-ratio,hammarberg-index,spectral-flux,spectral-slope
CLASSE,0.41959906617800397,34.12100601196289,0.02380484249442814,0.021365243010222912,1.3919323980808258,-12.858821868896484,21.39233684539795,0.47626782953739166,0.04638388380408287,0,0
