class,loudness,pitch,energy,jitter,shimmer,alpha-ratio,hammarberg-index,spectral-flux,spectral-slope
CLASSE,0.5217941190515253,37.70181083679201,0.056295396604885674,0.023009295730541158,1.2905125419298817,-13.91972208023072,26.4475138982137,0.39293399080634167,0.04612707874427244
