class,loudness,loudness-d,pitch,pitch-d,energy,jitter,shimmer,alpha-ratio,hammarberg-index,spectral-flux,spectral-slope
CLASSE,0.31869087042286987,28.283705139160155,0.05016923397779467,0.01899370886385441,1.0468112111091614,-19.636682510375977,29.596307373046876,0.35324697792530063,0.07409071922302245,0,0
