{
  "hands_distance": 0.21052496508981278,
  "yTorso_proportion": 0.9595105071537643,
  "bounding_area_proportion": 0.9998128042656284,
  "body_y": 10
}
